id;name;mail;internet_mail;wei_xin;qq;phone
1;disintermediate Cambridgeshire hacking;bricks-and-clicks Concrete Global;Fiji Dollar Profound Bacon;Macao Equatorial Guinea Vision-oriented;Agent;986.132.3778 x888
2;optical invoice;Marketing;Dynamic Home Loan Account Tools;Branding;Home Gloves Latvia;(469) 217-0243 x1736
3;calculating withdrawal Nevada;Berkshire;dedicated Persevering;Coordinator Cambridgeshire Investor;cross-platform Borders;648.127.4250 x760
4;Representative;Response Human;back up Factors;architectures;Wisconsin Facilitator Incredible;1-318-234-1353
5;calculating Intranet Ergonomic Concrete Soap;Director Concrete Bedfordshire;portal calculating Metal;real-time discrete redundant;Synergistic Personal Loan Account Sleek;567-160-7370
6;FTP Tools California;North Dakota Garden;Towels Specialist;Utah Computers Small Fresh Gloves;Brunei Darussalam interface;722-964-0801 x54566
7;panel;Analyst card Licensed Cotton Ball;mindshare Gorgeous;Chips;navigating;(640) 191-4225 x0716
8;motivating Operations alarm;e-markets system;Organic;Cheese Steel;Wooden Ergonomic Steel Gloves;(971) 400-7484 x31446
9;Generic Frozen Tuna HTTP;implement;Optimization Cambridgeshire;payment Soap;Web;1-085-698-5635 x61485
10;Web revolutionize Branding;teal analyzing yellow;Books Generic;robust withdrawal generate;Garden open-source hybrid;1-663-698-0748
